Store,prev_7d_actual,forecast_7d_total,pct_change,StoreType,CompetitionDistance,health_tier
1,30542.0,23898.044189453125,-21.753506026281432,c,1270.0,Performing Well
2,32843.0,24505.271240234375,-25.386623511145828,a,570.0,Performing Well
3,45750.0,33563.30078125,-26.637593920765028,a,14130.0,Performing Well
4,66305.0,54932.8759765625,-17.151231465858533,c,620.0,Monitor
5,30836.0,21686.611083984375,-29.67112763009348,a,29910.0,Performing Well
6,29170.0,22176.069091796875,-23.97645151937993,a,310.0,Performing Well
7,72763.0,54141.57373046875,-25.5918891050826,a,24000.0,Performing Well
8,42685.0,31840.796875,-25.405184783881925,a,7520.0,Performing Well
9,48610.0,36663.0068359375,-24.577233417120965,a,2030.0,Performing Well
10,36960.0,33588.37451171875,-9.122363334094292,a,3160.0,Performing Well
11,46642.0,38958.2626953125,-16.473858978361775,a,960.0,Performing Well
12,50425.0,40093.6923828125,-20.488463296355974,a,1070.0,Performing Well
13,42223.0,27674.2138671875,-34.45701663267059,d,310.0,Monitor
14,33151.0,25729.6611328125,-22.386470595721093,a,1300.0,Monitor
15,47443.0,35891.15185546875,-24.34889898305598,d,4110.0,Performing Well
16,55988.0,43908.1904296875,-21.57571188524773,a,3270.0,Performing Well
17,43345.0,30146.586669921875,-30.44967892508507,a,50.0,Performing Well
18,47440.0,36032.19873046875,-24.046798628860138,d,13840.0,Monitor
19,43920.0,32516.25732421875,-25.964805728099382,a,3240.0,Performing Well
20,61427.0,46061.0517578125,-25.014974265693425,d,2340.0,Performing Well
21,47250.0,32384.29150390625,-31.461816922949737,c,550.0,Performing Well
22,34217.0,25689.0400390625,-24.923166732727882,a,1040.0,Performing Well
23,37995.0,28579.142578125,-24.781832930319776,d,4060.0,Performing Well
24,66132.0,48906.404296875,-26.04729284329069,a,4590.0,Performing Well
25,65935.0,52728.5078125,-20.029562732236293,c,430.0,Performing Well
26,47830.0,35755.40869140625,-25.244807251920864,d,2300.0,Performing Well
27,62199.0,44946.41796875,-27.73771609069278,a,60.0,Performing Well
28,34315.0,22832.008056640625,-33.46347644866494,a,1200.0,Performing Well
29,51207.0,40589.015625,-20.73541581229129,d,2170.0,Monitor
30,26881.0,20201.686767578125,-24.847711143268015,a,40.0,Performing Well
31,39135.0,31141.42578125,-20.42564001213747,d,9800.0,Performing Well
32,31201.0,22265.8671875,-28.637328330822733,a,2910.0,Performing Well
33,51285.0,43495.001953125,-15.189622788095935,a,1320.0,Performing Well
34,54777.0,45291.7021484375,-17.316205435789655,c,2240.0,Performing Well
35,65308.0,52116.7265625,-20.198556742665524,d,7660.0,Performing Well
36,70597.0,57279.3056640625,-18.86439131398997,a,540.0,Performing Well
37,48400.0,36531.97509765625,-24.520712608148244,c,4230.0,Performing Well
38,41588.0,31633.15771484375,-23.9368141895649,d,1090.0,Performing Well
39,34938.0,23667.946533203125,-32.257294254956996,a,260.0,Monitor
40,29824.0,25465.7763671875,-14.613142545642772,a,180.0,Performing Well
41,38034.0,30834.8525390625,-18.928189149017985,d,1180.0,Performing Well
42,63091.0,49688.0322265625,-21.243866436476676,a,290.0,Monitor
43,40965.0,31284.9404296875,-23.630073404888318,d,4880.0,Performing Well
44,34569.0,24974.78515625,-27.753810766148863,a,540.0,Performing Well
45,36487.0,29276.54736328125,-19.76170317296229,d,9710.0,Performing Well
46,43350.0,27916.6748046875,-35.60167288422722,c,1200.0,Performing Well
47,46559.0,36544.37060546875,-21.509545725920336,a,270.0,Performing Well
48,20910.0,16463.00634765625,-21.267305845737685,a,1060.0,Performing Well
49,57554.0,44131.05712890625,-23.32234574676608,d,18010.0,Performing Well
50,32154.0,24214.038330078125,-24.693542545008007,d,6260.0,Performing Well
51,49437.0,40123.43798828125,-18.839254023744868,a,10570.0,Performing Well
52,45661.0,35504.60595703125,-22.243039011341736,d,450.0,Performing Well
53,36271.0,27241.78369140625,-24.893761706580324,a,30360.0,Performing Well
54,58185.0,43625.46533203125,-25.022831774458627,d,7170.0,Performing Well
55,32531.0,23996.357421875,-26.23541415303864,a,720.0,Performing Well
56,55364.0,46705.78369140625,-15.638711633179955,d,6620.0,Performing Well
57,63464.0,45462.126953125,-28.365487594344824,d,420.0,Performing Well
58,51294.0,39145.2431640625,-23.68455732822065,a,7340.0,Performing Well
59,34774.0,26126.710693359375,-24.867111366655045,a,2840.0,Monitor
60,62621.0,43978.2177734375,-29.77081526414861,d,5540.0,Performing Well
61,37183.0,29607.67431640625,-20.373089001946454,a,350.0,Monitor
62,40751.0,31711.11865234375,-22.183213535020613,a,2050.0,Performing Well
63,55287.0,41125.6982421875,-25.61416202328305,c,3700.0,Performing Well
64,75360.0,57728.3701171875,-23.396536468700237,d,22560.0,Performing Well
65,36107.0,25329.6650390625,-29.848325701214446,a,13840.0,Performing Well
66,44393.0,35674.634765625,-19.639053982328296,d,7660.0,Performing Well
67,63533.0,45356.70849609375,-28.609213328358884,a,410.0,Performing Well
68,52343.0,46675.6259765625,-10.82737715346369,a,250.0,Performing Well
69,61453.0,48553.58544921875,-20.99069947892088,c,1130.0,Performing Well
70,47709.0,36587.576171875,-23.310955643851266,c,4840.0,Performing Well
71,60368.0,44063.83251953125,-27.00796362388807,a,17500.0,Performing Well
72,32814.0,21675.243896484375,-33.94513349032616,a,2200.0,Performing Well
73,29510.0,23353.7685546875,-20.861509472424604,a,1650.0,Performing Well
74,38731.0,29131.75146484375,-24.78440663849694,a,330.0,Performing Well
75,41918.0,35762.8369140625,-14.683818612380122,d,22440.0,Performing Well
76,65053.0,49319.06494140625,-24.186332772652683,d,19960.0,Performing Well
77,54677.0,43938.615234375,-19.639674388911242,d,1090.0,Performing Well
78,26005.0,18522.348388671875,-28.77389583283263,a,3510.0,Performing Well
79,41606.0,30320.11474609375,-27.125619511383576,a,3320.0,Performing Well
80,56151.0,44673.92333984375,-20.43966565182499,d,7910.0,Performing Well
81,51890.0,42991.93505859375,-17.147937832735114,a,2370.0,Performing Well
82,58470.0,44043.0419921875,-24.674120074931587,a,22390.0,Performing Well
83,22500.0,17483.564208984375,-22.295270182291667,a,2710.0,Performing Well
84,82653.0,68008.2919921875,-17.718301825478207,a,11810.0,Performing Well
85,54538.0,51137.23046875,-6.235596338791302,b,1870.0,Monitor
86,28219.0,21705.261962890625,-23.0828095861277,a,480.0,Performing Well
87,37918.0,29642.45654296875,-21.82484165048592,a,560.0,Performing Well
88,40061.0,29207.461669921875,-27.092529717376312,a,10690.0,Monitor
89,40865.0,33259.22509765625,-18.61195375588829,a,2380.0,Performing Well
90,53982.0,43025.60546875,-20.296384963969473,a,330.0,Monitor
91,36825.0,25068.2880859375,-31.92589793363883,c,2410.0,Performing Well
92,43827.0,31719.82666015625,-27.624919204699726,c,240.0,Performing Well
93,35818.0,27052.6728515625,-24.4718497639106,a,16690.0,Performing Well
94,49327.0,36015.26708984375,-26.986706895120825,d,14620.0,Performing Well
95,48029.0,34666.134765625,-27.822493148670596,a,1890.0,Performing Well
96,39010.0,25623.471435546875,-34.31563333620386,a,8780.0,Performing Well
97,47257.0,35078.64306640625,-25.77048253929312,d,8980.0,Performing Well
98,36762.0,29113.55126953125,-20.805311817824794,d,15140.0,Performing Well
99,39532.0,29978.6767578125,-24.166050901010575,c,2030.0,Performing Well
100,58435.0,46742.40185546875,-20.009580122411656,d,17930.0,Performing Well
101,53036.0,41444.609375,-21.85570296590995,d,2440.0,Performing Well
102,48507.0,33619.1669921875,-30.692133110298514,a,150.0,Performing Well
103,28649.0,24789.787353515625,-13.47067138987181,d,5210.0,Performing Well
104,64361.0,56070.3046875,-12.881551424775871,a,390.0,Performing Well
105,36204.0,25884.585205078125,-28.503521143856688,a,6190.0,Performing Well
106,53536.0,44937.9736328125,-16.060270410915084,a,1390.0,Performing Well
107,48234.0,43420.517578125,-9.979438615654933,a,1930.0,Performing Well
108,86391.0,70660.9814453125,-18.20793665391939,d,2190.0,Performing Well
109,40124.0,34187.0751953125,-14.79644303830002,a,3300.0,Performing Well
110,35104.0,25715.824951171875,-26.743889724328067,a,46590.0,Performing Well
111,48127.0,36841.81884765625,-23.44875257619164,d,7890.0,Performing Well
112,40155.0,36240.21484375,-9.749184799526834,a,1630.0,Performing Well
113,41482.0,32590.4619140625,-21.434689952117786,d,20930.0,Performing Well
114,35768.0,27086.00341796875,-24.273083711784977,c,4510.0,Performing Well
115,57855.0,47126.498046875,-18.54377660206551,d,5740.0,Performing Well
116,43080.0,37250.12451171875,-13.532672906873838,a,680.0,Performing Well
117,22728.0,17588.225830078125,-22.614282690610153,a,3450.0,Performing Well
118,58741.0,44653.79052734375,-23.981902713021995,d,3580.0,Performing Well
119,37357.0,29950.8740234375,-19.82526963236475,a,2100.0,Performing Well
120,51739.0,39773.70068359375,-23.126267064315602,d,2290.0,Performing Well
121,27127.0,20632.086669921875,-23.942615586235576,a,3570.0,Performing Well
122,74988.0,59543.421875,-20.59606620392596,a,58260.0,Monitor
123,56416.0,41734.97314453125,-26.022807103425887,a,16760.0,Performing Well
124,27248.0,22045.457763671875,-19.093299458045085,a,1410.0,Monitor
125,81756.0,66972.94140625,-18.081924988685845,a,760.0,Performing Well
126,39858.0,26983.2890625,-32.301447482312206,d,3370.0,Performing Well
127,42505.0,29495.82275390625,-30.60622808162275,d,1350.0,Performing Well
128,58031.0,46015.51513671875,-20.70528659385716,d,2000.0,Performing Well
129,58293.0,45126.740234375,-22.586347873029354,a,2460.0,Performing Well
130,32203.0,27708.7119140625,-13.956116156685713,c,900.0,Performing Well
131,28413.0,24317.323974609375,-14.414796133427041,c,920.0,Performing Well
132,53887.0,42257.86767578125,-21.580589612000576,d,1040.0,Performing Well
133,40343.0,29600.43359375,-26.628080227672708,a,270.0,Performing Well
134,27389.0,22541.15869140625,-17.699957313497208,a,1200.0,Monitor
135,42792.0,34057.16650390625,-20.412304860940715,d,5190.0,Performing Well
136,46132.0,31681.05908203125,-31.325199249910586,a,2200.0,Performing Well
137,46809.0,37683.2919921875,-19.495626926045205,a,1730.0,Performing Well
138,53944.0,39150.26513671875,-27.424245260420527,a,25360.0,Performing Well
139,48053.0,35000.51416015625,-27.16268669977681,a,1700.0,Performing Well
140,51977.0,41615.7431640625,-19.93431101436693,a,1090.0,Performing Well
141,42120.0,30211.3544921875,-28.273137482935663,c,1540.0,Performing Well
142,26781.0,22143.9140625,-17.314834910944327,a,1090.0,Performing Well
143,45294.0,33452.9677734375,-26.14260658489535,d,2930.0,Performing Well
144,52052.0,40803.74951171875,-21.609641297704698,a,16570.0,Performing Well
145,58069.0,43403.36669921875,-25.255529285472882,a,280.0,Performing Well
146,53656.0,42643.8310546875,-20.52364869783901,d,8050.0,Performing Well
147,53650.0,43213.99755859375,-19.452008278483223,d,8540.0,Performing Well
148,53728.0,45477.12451171875,-15.3567515788439,a,2090.0,Performing Well
149,43075.0,30983.7177734375,-28.070301164393502,d,2610.0,Performing Well
150,65219.0,47055.46484375,-27.8500669379322,c,31830.0,Performing Well
151,48127.0,36461.61962890625,-24.238744096024583,d,4360.0,Performing Well
152,36908.0,25943.0458984375,-29.708881818474314,a,1780.0,Performing Well
153,42365.0,28885.56787109375,-31.817377856500055,a,16240.0,Performing Well
154,60804.0,46837.96484375,-22.968941445052955,d,16420.0,Performing Well
155,48686.0,37080.20556640625,-23.838052897329316,d,3050.0,Performing Well
156,47471.0,32336.984619140625,-31.880548926416918,a,2020.0,Performing Well
157,61052.0,47584.908203125,-22.058395788631003,a,2950.0,Performing Well
158,58568.0,47387.71923828125,-19.089401655714298,d,11840.0,Performing Well
159,56474.0,42101.6787109375,-25.449448045228777,d,8530.0,Performing Well
160,37945.0,30294.7431640625,-20.16143585699697,d,17110.0,Performing Well
161,45331.0,37290.546875,-17.73720660254572,a,2970.0,Performing Well
162,57573.0,42633.70703125,-25.94843584449308,d,5340.0,Performing Well
163,38396.0,33777.24267578125,-12.029266913789847,a,1480.0,Performing Well
164,48881.0,34240.93701171875,-29.950416293204412,a,1160.0,Performing Well
165,28209.0,21639.44482421875,-23.288862333940408,a,3720.0,Performing Well
166,35583.0,28750.41064453125,-19.201836144981453,a,100.0,Performing Well
167,66013.0,46954.46435546875,-28.870882469409437,a,140.0,Performing Well
168,57313.0,41547.35888671875,-27.507966976569453,a,12540.0,Performing Well
169,39763.0,29314.501953125,-26.276935962766895,d,980.0,Performing Well
170,28128.0,21549.1962890625,-23.388807277223762,a,1070.0,Performing Well
171,50559.0,39235.4345703125,-22.396735358071755,a,2640.0,Performing Well
172,45890.0,39064.69775390625,-14.873179878173348,a,110.0,Performing Well
173,53931.0,42542.39501953125,-21.1169920462605,a,350.0,Performing Well
174,40393.0,33283.248046875,-17.601445679016166,a,13090.0,Performing Well
175,38507.0,31779.654296875,-17.470448757693408,c,4130.0,Performing Well
176,32439.0,24163.5263671875,-25.510877748427816,a,3770.0,Performing Well
177,23524.0,16995.096069335938,-27.754225177113,a,1250.0,Performing Well
178,68581.0,51204.38818359375,-25.337355559712236,d,1710.0,Performing Well
179,49293.0,36659.54833984375,-25.629301645581016,a,480.0,Performing Well
180,48995.0,39535.14453125,-19.30779767068068,d,5800.0,Performing Well
181,45107.0,31005.373779296875,-31.262611613947115,a,12610.0,Performing Well
182,39584.0,29720.44287109375,-24.91804044287149,d,1390.0,Performing Well
183,34145.0,25724.399169921875,-24.661299839151045,a,9670.0,Monitor
184,41714.0,32605.6591796875,-21.83521316659275,d,3560.0,Performing Well
185,43260.0,32444.7060546875,-25.000679485234627,d,1860.0,Performing Well
186,28592.0,21280.350830078125,-25.57235999552978,a,290.0,Performing Well
187,41288.0,32259.166015625,-21.867937377385683,a,19360.0,Performing Well
188,47271.0,31635.8935546875,-33.07547216118233,d,850.0,Performing Well
189,57440.0,46285.38671875,-19.419591367078688,d,5760.0,Performing Well
190,56098.0,43466.23583984375,-22.51731641084575,a,1470.0,Performing Well
191,48474.0,37372.34765625,-22.902282344658992,a,1100.0,Performing Well
192,94826.0,73833.03125,-22.13841008795056,d,2770.0,Performing Well
193,39870.0,27974.31982421875,-29.836167985405694,a,520.0,Performing Well
194,37894.0,27963.55615234375,-26.20584748946073,d,16970.0,Performing Well
195,68506.0,53645.326171875,-21.692514273384813,a,220.0,Performing Well
196,34392.0,26446.086181640625,-23.103959695159848,c,3850.0,Performing Well
197,47223.0,35459.90869140625,-24.90966543547371,c,4210.0,Performing Well
198,20232.0,13831.490234375,-31.6355761448448,a,290.0,Performing Well
199,58912.0,46718.64794921875,-20.6975693420377,d,6360.0,Performing Well
200,45787.0,37084.77685546875,-19.00588189776847,a,1650.0,Monitor
201,37024.0,30352.83349609375,-18.01849206975543,d,20260.0,Performing Well
202,44473.0,36916.98046875,-16.990127788208575,d,5140.0,Performing Well
203,45972.0,36324.25048828125,-20.986142677540133,c,490.0,Performing Well
204,38800.0,31581.13525390625,-18.6053215105509,a,5630.0,Performing Well
205,43412.0,34491.64453125,-20.54813293271446,a,110.0,Performing Well
206,48132.0,36863.43701171875,-23.41179046846433,a,380.0,Monitor
207,76393.0,58432.4111328125,-23.510778300613275,a,6870.0,Performing Well
208,20805.0,15872.410888671875,-23.70867152765261,c,300.0,Performing Well
209,51350.0,43105.78125,-16.054953748782864,a,11680.0,Monitor
210,22441.0,15741.26416015625,-29.854889888346108,d,970.0,Performing Well
211,92531.0,73036.634765625,-21.067928839388962,a,350.0,Performing Well
212,29634.0,23561.232666015625,-20.49256709855023,a,15050.0,Performing Well
213,58209.0,45616.26025390625,-21.63366446098327,d,4030.0,Performing Well
214,60399.0,48421.0146484375,-19.831429910366893,d,8650.0,Performing Well
215,52746.0,35418.4140625,-32.85099521764683,d,150.0,Performing Well
216,46115.0,35345.5849609375,-23.353388353166,c,190.0,Performing Well
217,31506.0,25696.051513671875,-18.44076838166738,c,3150.0,Monitor
218,33465.0,24283.208251953125,-27.43699909770469,a,640.0,Performing Well
219,19879.0,15562.656982421875,-21.71307921715441,a,1640.0,Monitor
220,30279.0,23385.518310546875,-22.76654344414652,a,1000.0,Monitor
221,42697.0,33747.27001953125,-20.961027661120806,d,13530.0,Performing Well
222,31531.0,23615.741943359375,-25.103098717581506,a,2170.0,Performing Well
223,48389.0,36888.82470703125,-23.766094139099277,d,2920.0,Performing Well
224,55609.0,41780.41650390625,-24.867527731291247,d,7930.0,Performing Well
225,41652.0,29295.1123046875,-29.66697324333165,d,10180.0,Monitor
226,45245.0,35717.9716796875,-21.05653292145541,a,450.0,Performing Well
227,38037.0,29167.2802734375,-23.318662687810555,a,2370.0,Performing Well
228,53443.0,44104.90283203125,-17.47300332685057,d,10800.0,Performing Well
229,64906.0,47894.07861328125,-26.21009057208694,d,17410.0,Performing Well
230,47712.0,41007.93212890625,-14.051114753298435,d,6680.0,Performing Well
231,42089.0,28528.912109375,-32.217652808631705,d,3840.0,Performing Well
232,27600.0,21001.58251953125,-23.907309711843297,c,13570.0,Monitor
233,68973.0,53646.58984375,-22.220883760674468,a,1890.0,Performing Well
234,67990.0,50614.96826171875,-25.555275390912268,d,4370.0,Performing Well
235,38005.0,27243.255126953125,-28.316655369153732,a,5710.0,Performing Well
236,48412.0,37603.765625,-22.325527503511523,a,1000.0,Performing Well
237,26972.0,23666.195068359375,-12.256432343321315,a,1420.0,Monitor
238,48532.0,36194.0166015625,-25.42236750687691,a,320.0,Monitor
239,35042.0,26020.178955078125,-25.74573667291215,d,610.0,Performing Well
240,28790.0,23111.6669921875,-19.723282416854808,a,1110.0,Monitor
241,41819.0,34990.431640625,-16.32886572939334,d,780.0,Performing Well
242,29145.0,20374.73876953125,-30.091821000064336,d,6880.0,Performing Well
243,56628.0,35946.35791015625,-36.52193630331947,a,310.0,Performing Well
244,37778.0,25835.207275390625,-31.613088899913638,d,710.0,Performing Well
245,60704.0,53056.5751953125,-12.597892733077721,a,1310.0,Performing Well
246,47141.0,38012.93896484375,-19.363316508254492,c,4660.0,Monitor
247,60660.0,44082.69775390625,-27.328226584394578,d,70.0,Performing Well
248,51460.0,43616.70849609375,-15.241530322398464,a,340.0,Performing Well
249,35399.0,28088.64404296875,-20.651306412698805,d,18010.0,Performing Well
250,69202.0,48810.24365234375,-29.46700434619845,d,3520.0,Performing Well
251,116340.0,101367.0322265625,-12.870008400754255,a,340.0,Performing Well
252,75223.0,53252.7216796875,-29.206862688688968,d,22330.0,Performing Well
253,41732.0,28386.904296875,-31.978088045444743,a,250.0,Performing Well
254,23288.0,16718.6083984375,-28.20934215717322,d,330.0,Monitor
255,45754.0,33910.54931640625,-25.885060723857478,c,4630.0,Performing Well
256,56571.0,41262.33837890625,-27.060970499184656,a,80.0,Performing Well
257,32258.0,24799.005859375,-23.122928081793663,a,420.0,Performing Well
258,39387.0,32088.9951171875,-18.528968651617284,a,27190.0,Performing Well
259,88404.0,85322.3828125,-3.48583456348129,b,210.0,Monitor
260,37815.0,34023.56396484375,-10.026275380553352,a,540.0,Performing Well
261,82828.0,59211.5908203125,-28.512591369690803,d,15340.0,Performing Well
262,163360.0,140394.15625,-14.05842541013712,b,1180.0,Monitor
263,28907.0,24250.650634765625,-16.108033919930726,a,1140.0,Performing Well
264,45558.0,34989.5615234375,-23.197766531811098,a,180.0,Performing Well
265,37894.0,26659.034423828125,-29.648402322720948,a,4580.0,Performing Well
266,26980.0,21381.982177734375,-20.74876880009498,a,360.0,Performing Well
267,74791.0,55254.42578125,-26.12155769912155,c,2460.0,Performing Well
268,31356.0,23409.88330078125,-25.34161468050373,a,4520.0,Monitor
269,53025.0,37741.9619140625,-28.82232548031589,a,60.0,Performing Well
270,61743.0,52836.1962890625,-14.425608912650018,a,1450.0,Performing Well
271,57578.0,37671.182861328125,-34.57365163547166,a,420.0,Performing Well
272,45359.0,31800.14599609375,-29.892312449362308,a,16180.0,Performing Well
273,51339.0,38089.39599609375,-25.808067948160758,a,8480.0,Performing Well
274,41999.0,41241.15234375,-1.8044421444558205,b,3640.0,Monitor
275,48506.0,36391.7841796875,-24.97467492745743,d,300.0,Performing Well
276,24983.0,18224.46923828125,-27.05251875963155,a,2960.0,Performing Well
277,46907.0,32995.41455078125,-29.65780256511555,d,7840.0,Performing Well
278,45378.0,36421.1611328125,-19.738284779380976,a,9260.0,Performing Well
279,77923.0,54541.6728515625,-30.005681439931088,d,2320.0,Monitor
280,45712.0,35780.4931640625,-21.726257516489106,d,18640.0,Performing Well
281,40662.0,32763.89892578125,-19.42378897796161,d,6970.0,Performing Well
282,26676.0,21883.779296875,-17.964540047702055,a,1220.0,Performing Well
283,52149.0,42425.37841796875,-18.64584475643109,a,2260.0,Performing Well
284,41829.0,29456.0615234375,-29.579809406303042,d,1290.0,Performing Well
285,37371.0,31288.48828125,-16.276020761419282,a,2410.0,Performing Well
286,25804.0,18022.618896484375,-30.15571656919712,a,1460.0,Performing Well
287,58071.0,47767.3935546875,-17.743118674230683,c,2740.0,Performing Well
288,39818.0,28588.921875,-28.20100990757949,d,800.0,Performing Well
289,40720.0,32591.12890625,-19.962846497421417,d,6540.0,Performing Well
290,43117.0,32761.66796875,-24.016819424472946,a,4150.0,Performing Well
291,53484.0,39477.10546875,-26.188943480760603,d,,Performing Well
292,0.0,20374.8701171875,,a,1100.0,Needs Attention
293,39737.0,29922.5517578125,-24.698513330617562,c,140.0,Performing Well
294,43219.0,33383.90869140625,-22.756406461495523,a,3150.0,Monitor
295,44830.0,34167.98095703125,-23.783223383825007,a,210.0,Performing Well
296,49077.0,36390.5966796875,-25.849997596251807,a,9580.0,Performing Well
297,52904.0,37171.84423828125,-29.737176322619746,a,2300.0,Performing Well
298,57479.0,46198.11181640625,-19.62610376588624,d,19840.0,Performing Well
299,70096.0,61024.1171875,-12.942083446273681,d,38630.0,Monitor
300,51235.0,43854.71337890625,-14.404775292463649,a,120.0,Performing Well
301,33681.0,28549.5419921875,-15.235468091245806,a,4510.0,Performing Well
302,28069.0,21373.173583984375,-23.854880530177866,d,2190.0,Performing Well
303,41750.0,31561.9423828125,-24.40253321482036,a,15430.0,Performing Well
304,45179.0,34808.36376953125,-22.954550190284756,a,1950.0,Performing Well
305,41402.0,33852.88525390625,-18.233695826515024,c,2470.0,Performing Well
306,32527.0,24908.552001953125,-23.421920244863884,a,5100.0,Performing Well
307,19103.0,13600.478149414062,-28.80449065898517,a,18660.0,Performing Well
308,56290.0,44720.93994140625,-20.552602697803785,a,1070.0,Performing Well
309,47429.0,33892.61962890625,-28.540303129085054,d,8740.0,Performing Well
310,69943.0,54469.6875,-22.122746379194485,a,2290.0,Monitor
311,47036.0,37205.77587890625,-20.899362448111553,a,680.0,Performing Well
312,38337.0,29467.267578125,-23.136219375211937,d,11300.0,Performing Well
313,51218.0,36086.62451171875,-29.54308151095562,d,14160.0,Performing Well
314,34339.0,25043.6171875,-27.06946274643991,a,3560.0,Performing Well
315,28692.0,22954.4814453125,-19.99692790564443,a,38710.0,Performing Well
316,65476.0,49510.57470703125,-24.38362956345646,d,9000.0,Performing Well
317,39561.0,31025.02734375,-21.576736321756275,d,3140.0,Performing Well
318,48890.0,37641.740234375,-23.007281173297198,d,32330.0,Performing Well
319,48207.0,39280.09228515625,-18.517866108332296,a,570.0,Monitor
320,102752.0,81494.4921875,-20.68816939086344,a,210.0,Performing Well
321,42964.0,32964.376953125,-23.274422881656736,c,8140.0,Performing Well
322,35874.0,24271.24169921875,-32.34308496621857,a,17500.0,Performing Well
323,53248.0,43073.380859375,-19.10798366253193,d,8400.0,Performing Well
324,37663.0,25317.385986328125,-32.77915729939696,a,13140.0,Performing Well
325,41304.0,31156.7578125,-24.56721428312028,a,350.0,Performing Well
326,39488.0,30961.24951171875,-21.593270077697653,d,10070.0,Performing Well
327,55404.0,40629.6474609375,-26.666581003289476,c,1390.0,Performing Well
328,28537.0,22389.64013671875,-21.54171729081981,a,3130.0,Performing Well
329,44357.0,32952.6298828125,-25.710418011108732,a,1310.0,Performing Well
330,26190.0,20264.62255859375,-22.62457976863784,a,370.0,Performing Well
331,37460.0,29457.44677734375,-21.362929051404834,a,670.0,Performing Well
332,23453.0,17789.79150390625,-24.147053665176095,a,1840.0,Performing Well
333,66268.0,53891.8330078125,-18.67593256502007,a,3720.0,Performing Well
334,33193.0,26460.274658203125,-20.283569854477978,d,4040.0,Performing Well
335,102505.0,78242.8203125,-23.66926460904346,b,90.0,Monitor
336,95311.0,73485.28515625,-22.899471040855726,a,190.0,Performing Well
337,38595.0,30980.37451171875,-19.729564680091332,d,10600.0,Performing Well
338,46243.0,36018.078125,-22.11128576216941,a,1590.0,Performing Well
339,36669.0,29089.56689453125,-20.669865841633943,a,2280.0,Performing Well
340,42047.0,33399.203125,-20.56697713273242,a,8080.0,Performing Well
341,35509.0,27465.49169921875,-22.652027093923373,a,190.0,Performing Well
342,82373.0,65085.658203125,-20.98666043105751,d,15770.0,Performing Well
343,48929.0,37912.82666015625,-22.514609617698607,d,18650.0,Performing Well
344,63826.0,50084.14404296875,-21.530185123666296,a,300.0,Performing Well
345,33526.0,23655.16845703125,-29.44231803068887,a,120.0,Monitor
346,47177.0,39518.58984375,-16.23335556786146,a,8090.0,Performing Well
347,37610.0,29651.5888671875,-21.160359300219355,d,9360.0,Monitor
348,61647.0,49460.6708984375,-19.767919122686425,a,16490.0,Performing Well
349,52565.0,46395.05908203125,-11.737735980155522,c,1490.0,Performing Well
350,49421.0,37945.35888671875,-23.22017181619403,d,8880.0,Performing Well
351,43230.0,32347.20654296875,-25.17416945878152,a,5290.0,Performing Well
352,43392.0,35789.76513671875,-17.51989966648518,d,6360.0,Performing Well
353,49346.0,46948.1640625,-4.859230611397074,b,900.0,Monitor
354,52558.0,44460.29052734375,-15.407187245816525,d,1500.0,Performing Well
355,59928.0,47932.13427734375,-20.017130093873064,a,9720.0,Performing Well
356,45330.0,36632.13916015625,-19.187868607641185,d,8970.0,Performing Well
357,54693.0,42518.89501953125,-22.258981918104237,a,2060.0,Performing Well
358,66333.0,50167.36962890625,-24.370419506269503,a,2890.0,Performing Well
359,45525.0,37112.81396484375,-18.478168116762767,d,4370.0,Performing Well
360,45935.0,35110.15625,-23.56556819418744,a,2040.0,Performing Well
361,48414.0,32958.69287109375,-31.923218756777484,c,4490.0,Performing Well
362,65232.0,49903.41796875,-23.498562103338852,c,340.0,Performing Well
363,47135.0,39196.79052734375,-16.841433059629257,a,250.0,Performing Well
364,37309.0,28311.00732421875,-24.117485528374523,a,13620.0,Monitor
365,44288.0,31053.7421875,-29.882265653224348,c,2410.0,Performing Well
366,43066.0,29976.798828125,-30.393352463370178,d,6470.0,Performing Well
367,36680.0,27154.88720703125,-25.968137385410987,d,2640.0,Performing Well
368,83354.0,55752.248046875,-33.113890099005445,d,1450.0,Performing Well
369,45839.0,36604.69775390625,-20.14507787275846,d,5870.0,Performing Well
370,51932.0,40862.6826171875,-21.31502230380594,d,8250.0,Performing Well
371,50324.0,35239.1494140625,-29.975460189844803,d,1970.0,Performing Well
372,60538.0,46179.7666015625,-23.71772010710215,d,4880.0,Performing Well
373,32070.0,25714.75048828125,-19.81680546217259,d,11120.0,Performing Well
374,45099.0,35129.9326171875,-22.104852397641856,a,1150.0,Performing Well
375,67011.0,45511.3408203125,-32.08377606614959,a,15710.0,Performing Well
376,55346.0,42192.48828125,-23.76596631870415,a,160.0,Performing Well
377,58334.0,45448.45947265625,-22.089245598353877,a,100.0,Performing Well
378,44551.0,35871.23779296875,-19.482755060562614,a,2140.0,Performing Well
379,26982.0,21771.135009765625,-19.312374880417966,d,6630.0,Monitor
380,90269.0,73621.10546875,-18.44253789368443,a,2240.0,Performing Well
381,59265.0,45024.9072265625,-24.02782885925504,a,1800.0,Performing Well
382,56013.0,40769.916015625,-27.21347541530538,c,26130.0,Performing Well
383,110926.0,98517.6220703125,-11.186176306445288,a,350.0,Performing Well
384,64113.0,46963.11279296875,-26.74946922937821,a,130.0,Performing Well
385,53695.0,38091.44775390625,-29.05960004859624,d,4580.0,Performing Well
386,50204.0,36442.07177734375,-27.412015422389153,d,1460.0,Performing Well
387,68632.0,49139.92822265625,-28.400850590604605,c,210.0,Performing Well
388,62501.0,49703.466796875,-20.475725513391787,a,2260.0,Performing Well
389,69185.0,55954.892578125,-19.122797458806097,a,6690.0,Performing Well
390,79251.0,63852.916015625,-19.429513803453585,a,1600.0,Performing Well
391,36513.0,25478.8505859375,-30.219783129467586,a,460.0,Performing Well
392,42704.0,33137.62646484375,-22.401586584760796,a,2120.0,Performing Well
393,42284.0,31440.08154296875,-25.64544143655106,d,4820.0,Performing Well
394,61894.0,47353.75537109375,-23.492171501124908,d,10850.0,Performing Well
395,24486.0,18297.510009765625,-25.27358486577789,a,3620.0,Monitor
396,71567.0,52139.87158203125,-27.145372054115374,a,23130.0,Performing Well
397,39918.0,29532.48681640625,-26.017118050988902,a,130.0,Performing Well
398,40801.0,30336.20703125,-25.648373737776037,c,1540.0,Performing Well
399,42587.0,32370.59814453125,-23.989484714745696,a,5360.0,Performing Well
400,60187.0,43796.8056640625,-27.232117128179674,a,70.0,Performing Well
401,50745.0,36287.396484375,-28.490695665829147,a,9200.0,Performing Well
402,43296.0,32023.71728515625,-26.03539060154229,c,5830.0,Performing Well
403,47644.0,38066.3671875,-20.102495198765848,a,4970.0,Performing Well
404,37666.0,26962.062744140625,-28.41803551175961,a,1420.0,Performing Well
405,31697.0,21247.92724609375,-32.965494380875946,a,1080.0,Performing Well
406,53408.0,41899.64208984375,-21.548003876116407,d,8240.0,Performing Well
407,31200.0,23525.107666015625,-24.59901389097556,a,5890.0,Performing Well
408,39404.0,27538.11572265625,-30.11340035870407,c,1560.0,Performing Well
409,45323.0,34207.65673828125,-24.5247297436594,d,840.0,Performing Well
410,43611.0,30817.51611328125,-29.335451805092177,c,40.0,Performing Well
411,68871.0,53095.494140625,-22.905875999150584,d,8460.0,Performing Well
412,69473.0,54397.8408203125,-21.69930646393203,d,4460.0,Performing Well
413,52175.0,37985.9833984375,-27.19504858948251,a,760.0,Performing Well
414,45102.0,37772.72216796875,-16.25044971848532,d,6210.0,Performing Well
415,44274.0,36121.5869140625,-18.413545389929755,d,6910.0,Monitor
416,73450.0,60643.822265625,-17.435231769060586,a,4650.0,Performing Well
417,43773.0,33493.5478515625,-23.483544989919586,a,840.0,Performing Well
418,35640.0,24954.305908203125,-29.982306654873387,a,1060.0,Performing Well
419,33593.0,25329.733154296875,-24.59818070938328,c,1620.0,Performing Well
420,37345.0,28296.98681640625,-24.228178293195207,d,250.0,Performing Well
421,79440.0,61572.7998046875,-22.491440326425604,c,3530.0,Performing Well
422,26548.0,22325.0849609375,-15.906716283947944,a,2880.0,Performing Well
423,84294.0,82030.3203125,-2.685457668991862,b,1270.0,Monitor
424,43485.0,36660.32177734375,-15.694327291379212,d,1250.0,Monitor
425,20651.0,15458.762939453125,-25.142787567415013,d,1460.0,Monitor
426,32415.0,24125.135498046875,-25.574161659580824,a,250.0,Performing Well
427,60160.0,42710.90283203125,-29.004483324416142,a,70.0,Performing Well
428,47299.0,37342.19775390625,-21.050766921274764,d,2960.0,Performing Well
429,37433.0,28516.37451171875,-23.820226773919405,d,16350.0,Performing Well
430,62953.0,49047.466796875,-22.08875383718806,d,12870.0,Performing Well
431,62493.0,50004.845703125,-19.983285002920326,d,4520.0,Performing Well
432,79232.0,63758.876953125,-19.528881066835368,a,810.0,Performing Well
433,44384.0,36321.87109375,-18.164493750563267,a,30030.0,Monitor
434,67525.0,53499.8701171875,-20.770277501388374,a,13020.0,Performing Well
435,18259.0,14519.361572265625,-20.481069213726794,a,910.0,Performing Well
436,37328.0,28373.5439453125,-23.9885770860681,d,2300.0,Performing Well
437,55428.0,41600.65576171875,-24.946496785525817,c,430.0,Performing Well
438,38488.0,27105.79541015625,-29.573385444407997,d,1110.0,Performing Well
439,45068.0,34421.69482421875,-23.622759332078747,a,1350.0,Performing Well
440,37744.0,28098.962646484375,-25.55382935967472,d,3900.0,Monitor
441,40937.0,33672.8466796875,-17.744713389629187,d,2530.0,Monitor
442,37294.0,24899.56103515625,-33.23440490385518,c,500.0,Performing Well
443,36677.0,26604.352294921875,-27.463117771568353,d,11400.0,Performing Well
444,81951.0,68455.21875,-16.468110517260314,c,1700.0,Performing Well
445,57447.0,48170.7763671875,-16.147446573036888,a,240.0,Performing Well
446,33505.0,23096.240234375,-31.066287914117297,a,340.0,Monitor
447,30956.0,27417.08984375,-11.432065371010466,a,1510.0,Monitor
448,51287.0,41585.38720703125,-18.91631952145524,a,3970.0,Performing Well
449,74753.0,57487.796875,-23.09633476248445,a,120.0,Performing Well
450,72035.0,52005.150390625,-27.805718899666825,c,5780.0,Performing Well
451,38596.0,30499.505859375,-20.97754726040263,a,2460.0,Performing Well
452,35914.0,24201.76611328125,-32.611889198414964,a,1850.0,Performing Well
453,90331.0,74897.0625,-17.085981003199343,a,75860.0,Monitor
454,41408.0,29334.5087890625,-29.157387970772557,a,26450.0,Performing Well
455,54849.0,45800.35302734375,-16.49737820681553,d,7660.0,Performing Well
456,37790.0,27971.83544921875,-25.98085353474795,a,140.0,Performing Well
457,38274.0,30144.3671875,-21.240614549041126,d,13140.0,Performing Well
458,54221.0,45611.39794921875,-15.878722359936647,c,3390.0,Performing Well
459,66502.0,46347.40185546875,-30.306754901403345,a,250.0,Performing Well
460,28505.0,19830.939697265625,-30.429960718240224,a,34050.0,Performing Well
461,35279.0,25366.3779296875,-28.097797755924205,d,1790.0,Performing Well
462,30794.0,22912.14697265625,-25.595418027355166,a,44320.0,Performing Well
463,33725.0,27690.08544921875,-17.894483471553002,a,4160.0,Performing Well
464,70608.0,58156.9892578125,-17.633994366343046,c,520.0,Performing Well
465,58199.0,45969.23974609375,-21.013694829646987,d,10890.0,Performing Well
466,47830.0,36028.5244140625,-24.673793823829186,a,3110.0,Monitor
467,82523.0,72062.3583984375,-12.67603165367534,a,20390.0,Performing Well
468,51830.0,36218.48583984375,-30.120613853282364,c,5260.0,Performing Well
469,81533.0,62557.7861328125,-23.273047560113696,c,710.0,Performing Well
470,78906.0,63978.51953125,-18.91805498789699,a,50.0,Performing Well
471,51161.0,38407.1953125,-24.928763486835674,d,5300.0,Performing Well
472,34516.0,27406.54541015625,-20.597562260527727,c,5030.0,Performing Well
473,22165.0,16715.89013671875,-24.58429895457365,a,50.0,Performing Well
474,50467.0,36759.73876953125,-27.160840213344862,c,14810.0,Performing Well
475,40591.0,32637.443359375,-19.594384569547437,a,140.0,Performing Well
476,40419.0,29056.801513671875,-28.11103314364068,d,8300.0,Performing Well
477,44432.0,35262.58154296875,-20.636969879886678,d,770.0,Performing Well
478,46823.0,34060.6416015625,-27.256601239641842,d,1940.0,Monitor
479,84577.0,65050.9462890625,-23.08671826966847,a,320.0,Performing Well
480,31324.0,23359.819091796875,-25.42517209872023,a,300.0,Performing Well
481,41203.0,31578.578125,-23.35854640438803,c,7470.0,Performing Well
482,55204.0,42058.81396484375,-23.81201730881141,c,2550.0,Performing Well
483,32033.0,23472.191162109375,-26.724967495678285,a,2310.0,Performing Well
484,50263.0,44392.83203125,-11.6789048977379,a,14300.0,Performing Well
485,40284.0,29890.2939453125,-25.801077486564143,d,3270.0,Performing Well
486,29467.0,21757.638671875,-26.16269497446296,a,2320.0,Performing Well
487,52470.0,40730.00439453125,-22.37468192389699,d,2180.0,Performing Well
488,23340.0,18323.572021484375,-21.492836240426843,a,2890.0,Performing Well
489,54792.0,36914.266845703125,-32.62836391133172,a,14960.0,Performing Well
490,54681.0,45457.76220703125,-16.867353912636474,a,660.0,Performing Well
491,53988.0,38037.26806640625,-29.544958015843797,d,4680.0,Performing Well
492,54869.0,42920.9130859375,-21.77566005223806,a,1740.0,Performing Well
493,56988.0,46467.34033203125,-18.461184228203745,d,1150.0,Performing Well
494,56818.0,48366.37109375,-14.87491447472632,b,1260.0,Performing Well
495,41841.0,29664.943359375,-29.10077828117158,d,5470.0,Performing Well
496,51559.0,38896.0361328125,-24.560142491490332,d,2780.0,Performing Well
497,61062.0,47179.25634765625,-22.73548795051546,a,1610.0,Performing Well
498,44839.0,38832.896484375,-13.394820392125158,a,990.0,Performing Well
499,40819.0,30183.05029296875,-26.05637008998567,c,450.0,Performing Well
500,43811.0,35934.9150390625,-17.9774142588334,d,10690.0,Performing Well
501,35433.0,24684.071533203125,-30.33592545592209,a,1620.0,Performing Well
502,71636.0,57119.869140625,-20.26373730997683,a,220.0,Performing Well
503,51820.0,36868.24462890625,-28.85325235641403,d,13080.0,Performing Well
504,44204.0,37328.43115234375,-15.55417801026208,c,820.0,Performing Well
505,35316.0,24369.623046875,-30.995517479683432,a,350.0,Performing Well
506,50839.0,35518.10595703125,-30.136104256513207,a,1850.0,Performing Well
507,55830.0,44458.30322265625,-20.36843413459386,a,9070.0,Performing Well
508,49520.0,36236.43505859375,-26.824646489107934,a,1280.0,Performing Well
509,42922.0,31738.1240234375,-26.056278776763662,a,4740.0,Performing Well
510,53044.0,41743.67236328125,-21.303686819845318,a,8260.0,Performing Well
511,38344.0,33091.4765625,-13.698423319163364,a,2060.0,Performing Well
512,47092.0,45091.8671875,-4.247287888601036,b,590.0,Performing Well
513,108796.0,93387.650390625,-14.162606722099158,a,400.0,Performing Well
514,43489.0,30186.63671875,-30.58788034043091,c,1200.0,Performing Well
515,59233.0,47011.60595703125,-20.63274533278536,d,11260.0,Performing Well
516,40163.0,29222.43603515625,-27.240405260672134,a,20.0,Performing Well
517,43887.0,32245.610107421875,-26.52582744908088,a,22490.0,Performing Well
518,46293.0,33574.54443359375,-27.473820159432847,d,3330.0,Performing Well
519,40630.0,30740.3564453125,-24.340742197114203,c,2510.0,Performing Well
520,28752.0,23732.897216796875,-17.45653444352784,a,6900.0,Performing Well
521,37352.0,29753.25244140625,-20.3436162952285,d,18610.0,Performing Well
522,64049.0,50083.52294921875,-21.80436392571508,d,7160.0,Performing Well
523,84721.0,73457.080078125,-13.29531039751065,c,50.0,Performing Well
524,62028.0,48023.6328125,-22.57749272505965,a,40860.0,Monitor
525,61184.0,51183.7265625,-16.344589169554133,d,1870.0,Performing Well
526,72868.0,52434.74609375,-28.041463888469558,a,120.0,Performing Well
527,69409.0,55193.7958984375,-20.480347075397283,d,5830.0,Performing Well
528,73130.0,56247.6640625,-23.08537664091344,a,20620.0,Performing Well
529,54464.0,44943.0224609375,-17.481230792932028,d,12920.0,Performing Well
530,60381.0,52837.1171875,-12.493802375747338,a,18160.0,Performing Well
531,29712.0,26525.881591796875,-10.723338745971747,a,4030.0,Performing Well
532,65994.0,55976.4716796875,-15.179453162882231,a,1070.0,Performing Well
533,79189.0,58252.41015625,-26.43876023658589,a,5950.0,Performing Well
534,58988.0,43019.69970703125,-27.070421599255358,d,1200.0,Performing Well
535,50472.0,40470.02392578125,-19.816880793744552,a,3570.0,Performing Well
536,56455.0,42453.79736328125,-24.800642346503853,a,4700.0,Performing Well
537,45962.0,33814.4345703125,-26.42958406876876,a,600.0,Performing Well
538,23866.0,19046.6728515625,-20.193275573776504,a,990.0,Performing Well
539,78673.0,66295.892578125,-15.732344542441497,a,770.0,Performing Well
540,54450.0,38969.6884765625,-28.430324193640956,d,810.0,Performing Well
541,48326.0,34446.52587890625,-28.72051094875171,a,650.0,Monitor
542,42122.0,33278.68505859375,-20.99452766109456,a,7280.0,Performing Well
543,19739.0,13680.751098632812,-30.691772133173856,c,1080.0,Monitor
544,91511.0,69616.568359375,-23.925464305520645,a,250.0,Performing Well
545,75230.0,55814.888671875,-25.80767157799415,a,5020.0,Performing Well
546,82909.0,75276.080078125,-9.20638280750582,a,580.0,Performing Well
547,44826.0,35176.06689453125,-21.52753559422824,d,8990.0,Performing Well
548,32250.0,24760.423095703125,-23.223494276889532,d,3760.0,Performing Well
549,28912.0,24484.334716796875,-15.31428224682874,a,2330.0,Performing Well
550,36593.0,28203.5791015625,-22.926299834497037,d,50.0,Performing Well
551,41946.0,33449.7158203125,-20.255290563313547,a,2190.0,Monitor
552,55659.0,39200.16650390625,-29.570839390024524,a,4260.0,Performing Well
553,54577.0,44079.48876953125,-19.234313411269856,c,3040.0,Monitor
554,36215.0,31276.73779296875,-13.63595804785655,c,1200.0,Monitor
555,34736.0,25959.951171875,-25.264995474795597,d,1560.0,Performing Well
556,47742.0,36041.81005859375,-24.507121489267835,d,1140.0,Performing Well
557,27541.0,20128.14892578125,-26.91569323633401,a,250.0,Performing Well
558,22082.0,17277.784423828125,-21.756252043165812,a,3000.0,Performing Well
559,42601.0,29598.61669921875,-30.521310064977936,d,3910.0,Performing Well
560,97621.0,78696.865234375,-19.38531132197478,c,1910.0,Performing Well
561,47078.0,35667.38427734375,-24.2376815554107,d,14300.0,Performing Well
562,126779.0,120124.5234375,-5.2488792012084025,b,1210.0,Monitor
563,26910.0,22239.835205078125,-17.354755833972035,a,700.0,Performing Well
564,36865.0,30992.1337890625,-15.930737043096432,d,6540.0,Performing Well
565,43908.0,32986.62255859375,-24.87332021819771,a,160.0,Performing Well
566,33706.0,26619.411865234375,-21.024708166989928,a,3620.0,Performing Well
567,35510.0,25617.901123046875,-27.857220154753943,c,1010.0,Monitor
568,37579.0,29591.47607421875,-21.255285999577556,d,4270.0,Performing Well
569,26344.0,23291.791259765625,-11.58597304978126,a,1340.0,Monitor
570,25869.0,19396.821044921875,-25.019053519958735,a,180.0,Performing Well
571,58286.0,47888.68994140625,-17.838434716044592,d,2110.0,Performing Well
572,45194.0,34632.19287109375,-23.369932134589217,d,9230.0,Performing Well
573,27361.0,19690.76318359375,-28.03346667302456,a,1190.0,Performing Well
574,68198.0,50398.74609375,-26.099378143420626,d,4400.0,Performing Well
575,41864.0,25474.1943359375,-39.15011863190927,a,960.0,Monitor
576,45099.0,34115.6513671875,-24.353862907852726,c,50.0,Performing Well
577,31867.0,25914.875244140625,-18.678020384282725,a,2270.0,Performing Well
578,85636.0,71962.7109375,-15.966753541150918,d,12700.0,Monitor
579,52202.0,41791.7529296875,-19.9422379799864,c,20970.0,Performing Well
580,59039.0,50550.98193359375,-14.376967879547841,a,170.0,Performing Well
581,37222.0,24449.65185546875,-34.31397599411974,a,7250.0,Performing Well
582,42931.0,31769.71142578125,-25.99820310316263,a,120.0,Performing Well
583,28914.0,21114.548095703125,-26.974655545053867,a,2640.0,Performing Well
584,34843.0,26661.72119140625,-23.48040871507548,d,1360.0,Performing Well
585,33501.0,24908.758056640625,-25.647717809496356,d,440.0,Performing Well
586,99189.0,80456.01171875,-18.886154998286102,a,250.0,Performing Well
587,74873.0,58192.12890625,-22.27888704038839,d,330.0,Performing Well
588,41931.0,33768.0654296875,-19.467540889347976,d,15720.0,Performing Well
589,37984.0,26405.451171875,-30.48270015829033,a,360.0,Performing Well
590,37307.0,29406.42138671875,-21.177201633155306,d,4520.0,Performing Well
591,42400.0,32024.18017578125,-24.47127317032724,a,3340.0,Performing Well
592,26783.0,20541.1259765625,-23.305357963773663,a,2540.0,Monitor
593,61618.0,50732.490234375,-17.666119909158038,a,33060.0,Performing Well
594,26841.0,22324.458251953125,-16.827024880022634,a,1790.0,Monitor
595,92625.0,74736.681640625,-19.312624409581648,c,1130.0,Performing Well
596,34637.0,27557.798828125,-20.43826304782458,c,290.0,Performing Well
597,37464.0,29404.451171875,-21.512782479513668,a,150.0,Performing Well
598,38727.0,31463.0322265625,-18.756856388146513,c,550.0,Performing Well
599,63989.0,52548.658203125,-17.87860694318555,d,580.0,Performing Well
600,54686.0,40286.0712890625,-26.33202046398987,d,17340.0,Performing Well
601,34008.0,26318.826904296875,-22.609895012065177,d,8220.0,Performing Well
602,42676.0,34682.73828125,-18.73010994177055,a,2710.0,Performing Well
603,51469.0,37675.33984375,-26.79993813023373,a,340.0,Performing Well
604,49510.0,37490.02490234375,-24.277873354183498,d,10950.0,Performing Well
605,54781.0,42425.091796875,-22.5550979411201,d,10310.0,Performing Well
606,37965.0,29026.1591796875,-23.54495145611089,a,2260.0,Performing Well
607,26482.0,18072.77099609375,-31.75450873765671,a,350.0,Monitor
608,68669.0,47875.9736328125,-30.280077425312,a,18370.0,Performing Well
609,29695.0,24039.733154296875,-19.04450865702349,a,2070.0,Performing Well
610,25904.0,19477.34375,-24.80951300957381,a,660.0,Performing Well
611,41679.0,33270.1103515625,-20.175363248728377,a,8080.0,Performing Well
612,48956.0,36283.5302734375,-25.88542717248652,d,2490.0,Performing Well
613,41289.0,32583.47509765625,-21.084368481541695,c,250.0,Performing Well
614,42388.0,35293.80322265625,-16.73633287096289,a,1160.0,Performing Well
615,63414.0,48031.763671875,-24.256846008964896,d,730.0,Performing Well
616,50260.0,40590.46875,-19.239019598089932,a,3040.0,Monitor
617,43377.0,32907.63037109375,-24.13576233696717,a,8940.0,Performing Well
618,52258.0,42168.23486328125,-19.307599098164395,d,9910.0,Performing Well
619,34455.0,23406.162109375,-32.06744417537368,a,1600.0,Performing Well
620,61143.0,50461.0078125,-17.47050715126834,d,5440.0,Performing Well
621,38037.0,29773.55517578125,-21.72475438183545,a,30.0,Performing Well
622,30067.0,22987.529052734375,-23.545651203198272,a,,Performing Well
623,44506.0,33409.92431640625,-24.931639966732014,a,4080.0,Performing Well
624,43984.0,33739.01171875,-23.29253428803656,a,6920.0,Monitor
625,40612.0,30348.4921875,-25.272106304786764,a,1170.0,Performing Well
626,69523.0,48055.76318359375,-30.87789194425766,c,10740.0,Performing Well
627,50055.0,39414.9873046875,-21.256643083233442,c,3970.0,Performing Well
628,41496.0,30444.46435546875,-26.632773386666784,a,2180.0,Monitor
629,41924.0,33379.14453125,-20.381775280865373,d,510.0,Performing Well
630,40521.0,29452.78369140625,-27.314765945050095,a,1690.0,Performing Well
631,34999.0,27965.6240234375,-20.095934102581502,d,2870.0,Performing Well
632,48999.0,41088.26611328125,-16.14468435420876,a,3350.0,Performing Well
633,44625.0,37955.05126953125,-14.94666382177871,d,11640.0,Performing Well
634,46969.0,33130.40771484375,-29.463246577862527,d,18610.0,Performing Well
635,43107.0,28716.66748046875,-33.38282070088675,a,27530.0,Performing Well
636,58281.0,35995.3994140625,-38.2381918394288,c,720.0,Performing Well
637,67495.0,50200.40771484375,-25.623516238471368,d,9790.0,Performing Well
638,43336.0,34918.388671875,-19.424061584190973,d,10170.0,Performing Well
639,28443.0,21157.883056640625,-25.613039916181044,a,7780.0,Performing Well
640,76633.0,62625.787109375,-18.27830424311328,d,8040.0,Performing Well
641,35360.0,25287.009765625,-28.486963332508488,a,610.0,Monitor
642,20630.0,15873.457763671875,-23.05643352558471,c,530.0,Performing Well
643,52709.0,40663.115234375,-22.85356346283367,a,230.0,Performing Well
644,65095.0,50348.2001953125,-22.65427422181043,c,4030.0,Performing Well
645,90081.0,62269.578125,-30.8737934470088,a,90.0,Monitor
646,34332.0,27275.70947265625,-20.553100685493856,a,620.0,Performing Well
647,41625.0,30598.54296875,-26.489986861861865,a,7420.0,Performing Well
648,41916.0,34279.720703125,-18.21805348047285,d,2130.0,Performing Well
649,24139.0,17063.237915039062,-29.312573366589078,a,14570.0,Performing Well
650,44453.0,34989.76220703125,-21.28818705817099,a,1420.0,Performing Well
651,46490.0,37449.71630859375,-19.44565216478006,a,200.0,Performing Well
652,51092.0,35361.89892578125,-30.787796669182555,a,20390.0,Performing Well
653,40634.0,29798.46240234375,-26.666184962485236,d,7520.0,Performing Well
654,46099.0,32450.610107421875,-29.60669405535505,c,6930.0,Performing Well
655,61365.0,44794.91650390625,-27.00249897513852,d,960.0,Performing Well
656,22197.0,16561.4609375,-25.388742003423886,d,410.0,Performing Well
657,38286.0,28497.19189453125,-25.56759156210821,c,80.0,Performing Well
658,36366.0,28478.02294921875,-21.690527005393086,d,520.0,Performing Well
659,35731.0,27334.65576171875,-23.49876644449148,d,1590.0,Performing Well
660,39108.0,26745.00048828125,-31.61245656059822,a,1200.0,Performing Well
661,42874.0,39017.92529296875,-8.993970021531114,d,2140.0,Performing Well
662,53642.0,36762.087890625,-31.46771579988628,d,1070.0,Performing Well
663,45697.0,35032.45556640625,-23.33751544651454,a,7860.0,Performing Well
664,37498.0,26874.49072265625,-28.33086905259947,d,1680.0,Performing Well
665,54331.0,41504.4560546875,-23.60814994259723,a,90.0,Performing Well
666,61990.0,40350.27001953125,-34.90842068151113,c,2700.0,Performing Well
667,60916.0,46015.93505859375,-24.460018618107313,d,2870.0,Performing Well
668,58590.0,46246.1865234375,-21.068123359895033,c,1270.0,Performing Well
669,34839.0,27473.92431640625,-21.140318848399065,d,17080.0,Performing Well
670,50353.0,35669.82958984375,-29.160467916819755,a,2060.0,Performing Well
671,51124.0,37424.1650390625,-26.797267351806394,a,2070.0,Performing Well
672,56341.0,45322.931640625,-19.556039756793453,c,240.0,Performing Well
673,62511.0,45875.19580078125,-26.612602900639487,d,15170.0,Performing Well
674,54360.0,40962.11328125,-24.646590726177337,a,2640.0,Performing Well
675,24752.0,18079.0322265625,-26.959307423390026,a,2100.0,Monitor
676,64766.0,62814.796875,-3.0126966695488373,b,1410.0,Monitor
677,51111.0,37216.49609375,-27.18495804474575,d,1740.0,Performing Well
678,51027.0,38631.27783203125,-24.292476861208282,c,3250.0,Monitor
679,62423.0,49346.61865234375,-20.948018114567148,a,4140.0,Performing Well
680,37716.0,29511.55615234375,-21.75321838916176,c,170.0,Performing Well
681,29051.0,23275.330810546875,-19.88113727394281,a,620.0,Performing Well
682,81315.0,68919.0625,-15.244342987148743,b,150.0,Monitor
683,51205.0,39973.73388671875,-21.933924642674054,a,2850.0,Performing Well
684,66210.0,49746.4970703125,-24.865583642482253,d,680.0,Performing Well
685,42319.0,27864.27001953125,-34.15659628173811,a,650.0,Performing Well
686,42757.0,29328.974853515625,-31.405442726300663,a,20050.0,Performing Well
687,60230.0,47329.99072265625,-21.417913460640463,d,2770.0,Performing Well
688,24369.0,17790.222534179688,-26.99650156272441,a,18760.0,Performing Well
689,43835.0,34514.87841796875,-21.261826353441883,d,15040.0,Performing Well
690,36078.0,27768.52294921875,-23.031978077446784,a,100.0,Performing Well
691,52740.0,43057.3056640625,-18.359299082171976,d,3030.0,Performing Well
692,41122.0,29789.72021484375,-27.557705814785884,a,40.0,Performing Well
693,50479.0,32703.02685546875,-35.214590511957944,d,450.0,Performing Well
694,59268.0,46793.08544921875,-21.048313678175827,a,460.0,Performing Well
695,40500.0,26884.828369140625,-33.617707730516976,a,550.0,Performing Well
696,61665.0,49852.208984375,-19.156395063042243,a,430.0,Needs Attention
697,70010.0,54797.064453125,-21.729660829702897,d,3780.0,Monitor
698,98955.0,89561.943359375,-9.492250660022233,a,1790.0,Monitor
699,57061.0,43502.458984375,-23.761485104756314,a,180.0,Performing Well
700,31043.0,23391.3251953125,-24.64863191279032,a,830.0,Performing Well
701,48567.0,31573.0888671875,-34.99065442134062,d,1450.0,Performing Well
702,32450.0,23433.112060546875,-27.78701984423151,a,8550.0,Performing Well
703,20350.0,15203.168212890625,-25.291556693412158,a,80.0,Performing Well
704,65957.0,55371.9072265625,-16.048475178430643,d,1910.0,Performing Well
705,51940.0,39644.42431640625,-23.672652452048037,a,4140.0,Performing Well
706,42187.0,32210.81884765625,-23.647524479919763,d,7830.0,Performing Well
707,56076.0,44796.732421875,-20.114251334126898,a,2900.0,Performing Well
708,39368.0,30964.13525390625,-21.346943573698816,c,11470.0,Performing Well
709,61217.0,50223.583984375,-17.958109700940916,a,500.0,Monitor
710,37371.0,26469.06103515625,-29.172189571710017,d,1500.0,Monitor
711,42158.0,31180.35546875,-26.039291549053562,d,17110.0,Performing Well
712,42784.0,33086.9736328125,-22.665076587480133,a,4870.0,Performing Well
713,56700.0,45508.1025390625,-19.738796227403,a,220.0,Performing Well
714,37954.0,29031.728515625,-23.50811899766823,d,12070.0,Performing Well
715,44868.0,31013.757568359375,-30.87778022564105,a,14810.0,Performing Well
716,41858.0,31169.87890625,-25.53423740682785,d,3200.0,Performing Well
717,38301.0,25458.126708984375,-33.531430748585215,d,310.0,Performing Well
718,50366.0,39827.74365234375,-20.923353745892566,a,1100.0,Performing Well
719,40644.0,29610.84716796875,-27.145834150258956,c,8190.0,Performing Well
720,51762.0,39659.09814453125,-23.381828089078375,a,15320.0,Performing Well
721,48613.0,42462.93603515625,-12.651068571871207,a,3590.0,Performing Well
722,49787.0,41472.5712890625,-16.69999941940165,a,50.0,Performing Well
723,61861.0,46855.7314453125,-24.256427401250384,d,5650.0,Performing Well
724,39486.0,34079.0205078125,-13.69340903658892,d,5900.0,Monitor
725,38120.0,30449.04541015625,-20.12317573411267,d,17540.0,Performing Well
726,75273.0,54503.11376953125,-27.59274405227472,a,40540.0,Performing Well
727,33020.0,24730.0,-25.105996365838884,a,2050.0,Performing Well
728,38303.0,30291.4990234375,-20.91611878067645,d,13990.0,Performing Well
729,70345.0,55347.271484375,-21.32024808532945,c,8980.0,Performing Well
730,46350.0,37207.9189453125,-19.72401522046926,c,1190.0,Performing Well
731,56771.0,43932.0205078125,-22.61538372089183,a,15270.0,Performing Well
732,70065.0,58857.0625,-15.996485406408334,a,35280.0,Monitor
733,103805.0,96949.1875,-6.604510861711864,b,860.0,Monitor
734,33700.0,23431.8994140625,-30.469141204562316,a,220.0,Performing Well
735,39259.0,27223.18310546875,-30.657471903337452,d,1920.0,Performing Well
736,35846.0,24966.49560546875,-30.350679000533532,c,1650.0,Performing Well
737,41179.0,31063.030517578125,-24.56584541252064,a,100.0,Monitor
738,53963.0,45520.5595703125,-15.644868576038212,d,5980.0,Performing Well
739,68725.0,52916.890625,-23.001977991997087,d,2770.0,Performing Well
740,56173.0,44318.3056640625,-21.10390104843519,d,6400.0,Performing Well
741,56084.0,45795.138671875,-18.345448484639114,d,11900.0,Performing Well
742,54524.0,42119.267578125,-22.750958150309955,d,4380.0,Performing Well
743,28065.0,18863.853515625,-32.78512910876537,a,6710.0,Performing Well
744,52738.0,43039.78369140625,-18.389427563794133,a,1370.0,Performing Well
745,53545.0,36173.090576171875,-32.443569752223596,a,17650.0,Performing Well
746,48939.0,35752.76318359375,-26.944230197605695,d,4330.0,Performing Well
747,56598.0,43260.08984375,-23.566045012632955,c,45740.0,Performing Well
748,38450.0,29227.25146484375,-23.98634209403446,d,2380.0,Performing Well
749,30948.0,23532.273193359375,-23.9618935202295,a,3410.0,Performing Well
750,37225.0,26829.006103515625,-27.92745170311451,d,8670.0,Performing Well
751,24507.0,19724.9423828125,-19.51302736845595,a,650.0,Performing Well
752,38433.0,24561.722412109375,-36.09210206825026,a,970.0,Performing Well
753,52236.0,40666.56494140625,-22.148393940182537,d,540.0,Performing Well
754,49483.0,35443.8896484375,-28.37158287000081,c,380.0,Performing Well
755,69915.0,54362.04638671875,-22.245517576029822,d,13130.0,Performing Well
756,112877.0,93164.927734375,-17.463320486569454,a,50.0,Performing Well
757,50492.0,37266.55615234375,-26.19314712757714,a,3450.0,Performing Well
758,34430.0,25993.9755859375,-24.501958797741796,a,19780.0,Performing Well
759,53174.0,35620.08447265625,-33.01221560789813,a,110.0,Performing Well
760,49883.0,45604.68505859375,-8.576699359313293,a,560.0,Performing Well
761,58334.0,45356.79248046875,-22.24638721762823,a,2390.0,Performing Well
762,34495.0,24096.7490234375,-30.14422663157704,d,1280.0,Performing Well
763,43483.0,33468.05322265625,-23.031867114375157,d,32240.0,Performing Well
764,28433.0,21711.11181640625,-23.641150014397883,a,26490.0,Performing Well
765,63203.0,46495.67919921875,-26.43437938196169,a,25430.0,Performing Well
766,48517.0,38192.87939453125,-21.279387854708144,d,9820.0,Performing Well
767,39804.0,31560.93603515625,-20.709134672002186,a,13080.0,Performing Well
768,91509.0,72015.5244140625,-21.30224959942465,a,2630.0,Performing Well
769,81185.0,77383.359375,-4.682688458459075,b,840.0,Performing Well
770,35471.0,23716.36328125,-33.13872379901891,a,100.0,Performing Well
771,48913.0,36897.142578125,-24.565774787633142,a,20640.0,Performing Well
772,26505.0,21817.629638671875,-17.68485327797821,d,1850.0,Monitor
773,34261.0,27221.046630859375,-20.548009016492877,a,200.0,Performing Well
774,32652.0,27283.20703125,-16.442462846839398,a,640.0,Monitor
775,60264.0,46673.8193359375,-22.55107637073958,d,6970.0,Performing Well
776,32055.0,24342.537109375,-24.06009324793324,c,700.0,Performing Well
777,32874.0,24260.273681640625,-26.20224590363015,d,8250.0,Performing Well
778,40619.0,29571.74462890625,-27.19726081659753,a,340.0,Performing Well
779,47029.0,33753.2138671875,-28.22893562017585,a,16990.0,Performing Well
780,45142.0,31220.160888671875,-30.840102590333007,a,18160.0,Performing Well
781,30908.0,22013.481201171875,-28.77740002209177,a,630.0,Performing Well
782,38068.0,29946.59130859375,-21.33395159032849,c,5390.0,Performing Well
783,46078.0,37263.17724609375,-19.13021996160044,d,15490.0,Performing Well
784,44885.0,33194.82421875,-26.044727149938733,a,560.0,Performing Well
785,56642.0,39333.93408203125,-30.556946996872902,d,970.0,Performing Well
786,20481.0,15015.406616210938,-26.686164658898797,a,290.0,Monitor
787,68789.0,53655.8935546875,-21.99931158370161,c,3210.0,Performing Well
788,107217.0,94169.54296875,-12.169205472313159,a,1530.0,Performing Well
789,25311.0,21903.93017578125,-13.460826613799338,a,9770.0,Performing Well
790,51773.0,42598.86181640625,-17.71992772988575,d,9070.0,Performing Well
791,57717.0,43756.5869140625,-24.18769701463607,a,5950.0,Performing Well
792,49114.0,33822.1630859375,-31.13539299194222,d,17280.0,Performing Well
793,35090.0,23818.31201171875,-32.122222822118125,d,2710.0,Performing Well
794,20040.0,16729.93798828125,-16.517275507578592,c,5090.0,Monitor
795,31848.0,21413.75830078125,-32.76262779207093,d,510.0,Performing Well
796,52601.0,38394.39404296875,-27.008243107604894,a,7180.0,Performing Well
797,35503.0,26588.561279296875,-25.108973102845184,a,2090.0,Performing Well
798,48526.0,35228.34033203125,-27.403164629206504,a,9560.0,Performing Well
799,63757.0,51351.27587890625,-19.457822860382,a,2700.0,Performing Well
800,33466.0,24894.568603515625,-25.612357008559062,d,2020.0,Performing Well
801,42827.0,31246.2607421875,-27.040743591221663,d,48330.0,Performing Well
802,50963.0,36932.9931640625,-27.529789918053293,a,910.0,Performing Well
803,39141.0,29134.984375,-25.56402653228073,d,1760.0,Performing Well
804,38525.0,28600.64794921875,-25.760809995538615,c,2100.0,Performing Well
805,39665.0,28269.447265625,-28.729491325791003,d,24770.0,Performing Well
806,55552.0,35514.5810546875,-36.06966255996634,d,260.0,Performing Well
807,64872.0,55158.4443359375,-14.973417906126679,a,3870.0,Performing Well
808,53792.0,39391.1484375,-26.77136295824658,a,18620.0,Performing Well
809,62497.0,45195.279296875,-27.684081960934126,a,12770.0,Performing Well
810,39027.0,32195.806640625,-17.503762419286648,d,9640.0,Performing Well
811,28162.0,22647.721923828125,-19.58056273053006,a,410.0,Performing Well
812,41749.0,31460.06396484375,-24.644748461415244,d,2590.0,Performing Well
813,42671.0,33529.9697265625,-21.422114019913995,a,1560.0,Performing Well
814,57734.0,43446.2978515625,-24.747466221702116,d,24530.0,Performing Well
815,45437.0,34825.2353515625,-23.35489721688822,a,590.0,Performing Well
816,28688.0,22691.028564453125,-20.904111250511974,c,460.0,Performing Well
817,127564.0,114422.7578125,-10.30168557547584,a,140.0,Performing Well
818,40044.0,30474.91455078125,-23.89642755273886,d,490.0,Performing Well
819,37866.0,29893.43994140625,-21.05466661013508,a,720.0,Performing Well
820,84333.0,68149.51171875,-19.189982902600406,a,1650.0,Performing Well
821,45659.0,34794.490234375,-23.794892059889616,a,1700.0,Monitor
822,56918.0,41143.34326171875,-27.714706662709954,a,410.0,Performing Well
823,38757.0,30321.478515625,-21.76515593150915,a,16210.0,Performing Well
824,46036.0,37370.9658203125,-18.82230032949757,a,17570.0,Performing Well
825,35954.0,27112.569580078125,-24.590950714584956,a,380.0,Performing Well
826,54577.0,44150.73486328125,-19.103771069715723,a,7980.0,Performing Well
827,98355.0,92225.2470703125,-6.232273834261095,a,250.0,Performing Well
828,36440.0,25609.77880859375,-29.72069481725096,d,3290.0,Performing Well
829,42566.0,31460.10546875,-26.090998757811402,c,110.0,Performing Well
830,45185.0,31563.634521484375,-30.1457684597004,a,6320.0,Performing Well
831,82503.0,65630.6611328125,-20.450576181699454,a,800.0,Performing Well
832,50774.0,36037.36279296875,-29.023983154825792,d,5070.0,Performing Well
833,38408.0,28763.3134765625,-25.11113966735446,d,3290.0,Performing Well
834,38276.0,29926.9755859375,-21.812687882909657,a,3470.0,Performing Well
835,35797.0,27168.765625,-24.103233161996815,a,2890.0,Performing Well
836,40136.0,30005.47412109375,-25.240497007440325,a,2720.0,Performing Well
837,25257.0,20274.974365234375,-19.72532618587174,a,14600.0,Performing Well
838,54647.0,43778.31982421875,-19.888887177303875,d,6890.0,Performing Well
839,26792.0,18542.4072265625,-30.791254006559793,c,240.0,Performing Well
840,43571.0,32908.10400390625,-24.47246103163515,a,1070.0,Performing Well
841,17072.0,12680.733276367188,-25.72204032118564,a,27650.0,Performing Well
842,138872.0,117958.154296875,-15.059800177951638,d,1200.0,Performing Well
843,60674.0,50645.55029296875,-16.528413664883228,c,60.0,Performing Well
844,28248.0,19707.333740234375,-30.234587438989042,a,2030.0,Performing Well
845,33067.0,27505.0458984375,-16.82025615133668,d,7860.0,Performing Well
846,62334.0,45579.62744140625,-26.87838508453452,a,8860.0,Performing Well
847,46717.0,35189.96435546875,-24.67417780365017,c,190.0,Performing Well
848,55166.0,38317.0009765625,-30.54236127947921,a,370.0,Performing Well
849,59846.0,47470.9248046875,-20.678199370571967,c,5000.0,Performing Well
850,41857.0,31750.2099609375,-24.14599717863798,d,1120.0,Performing Well
851,37702.0,29224.919921875,-22.484430741406292,d,2330.0,Performing Well
852,30345.0,22758.95166015625,-24.999335441897347,c,940.0,Performing Well
853,71406.0,53322.8974609375,-25.32434604803868,a,14040.0,Performing Well
854,38403.0,31019.1787109375,-19.22719914866677,c,4770.0,Performing Well
855,47542.0,32859.02490234375,-30.884218370401435,a,3440.0,Performing Well
856,48926.0,39622.1376953125,-19.016192422612722,a,3020.0,Performing Well
857,59927.0,47615.98388671875,-20.54335460356976,c,6270.0,Performing Well
858,36264.0,27643.76171875,-23.77078723044893,a,3370.0,Performing Well
859,55474.0,44542.1162109375,-19.70631969762862,c,21770.0,Performing Well
860,45633.0,35569.08447265625,-22.054030038226173,c,5980.0,Performing Well
861,27611.0,21725.2119140625,-21.316823316567675,c,740.0,Performing Well
862,54738.0,44118.138671875,-19.401259322819612,a,2840.0,Performing Well
863,64627.0,51850.61328125,-19.76942565607254,a,21370.0,Monitor
864,32838.0,23250.732666015625,-29.195649351313648,a,1020.0,Performing Well
865,51906.0,43253.52880859375,-16.66950100452019,d,2640.0,Performing Well
866,51389.0,39059.7255859375,-23.992049687797973,d,9680.0,Performing Well
867,40334.0,31979.0703125,-20.714359318441016,d,21810.0,Monitor
868,65446.0,53585.72705078125,-18.122227407662425,d,1360.0,Performing Well
869,41799.0,28526.66455078125,-31.752758317707958,c,230.0,Performing Well
870,41881.0,35114.68994140625,-16.15603748380829,a,780.0,Monitor
871,49907.0,39181.94580078125,-21.49007994713918,d,10620.0,Performing Well
872,48209.0,37576.5517578125,-22.054903113915454,a,3860.0,Performing Well
873,22008.0,17597.662353515625,-20.039702137787962,a,2040.0,Monitor
874,31604.0,26779.52783203125,-15.265384660070719,a,3210.0,Performing Well
875,33338.0,25014.587890625,-24.966740984387187,d,5070.0,Performing Well
876,0.0,35528.009033203125,,a,21790.0,Needs Attention
877,44404.0,36228.3232421875,-18.412027650239843,a,29190.0,Needs Attention
878,58590.0,43538.48876953125,-25.68955663162442,d,1100.0,Performing Well
879,31312.0,22879.893798828125,-26.92931208856628,d,,Performing Well
880,59996.0,44928.287109375,-25.114529119649642,a,4570.0,Performing Well
881,29276.0,20647.31640625,-29.47357423742998,a,180.0,Performing Well
882,39287.0,32356.541015625,-17.640590995431058,a,30.0,Performing Well
883,27411.0,22536.492919921875,-17.783032651410473,a,3200.0,Monitor
884,45652.0,34065.85302734375,-25.37927576591661,d,7550.0,Performing Well
885,36050.0,29653.6630859375,-17.742959539701804,a,480.0,Performing Well
886,41755.0,32010.08154296875,-23.33832704354269,a,12430.0,Performing Well
887,48742.0,36470.7802734375,-25.17586419630401,d,19700.0,Performing Well
888,58877.0,47256.0361328125,-19.737697007638808,d,4450.0,Performing Well
889,29711.0,20956.11669921875,-29.466807918889472,d,18670.0,Monitor
890,45679.0,34650.05078125,-24.144462923334572,a,4450.0,Performing Well
891,50659.0,39802.6748046875,-21.430200350011845,a,350.0,Performing Well
892,49533.0,35686.357177734375,-27.9543795495238,a,19370.0,Performing Well
893,42246.0,34192.091796875,-19.064309527825117,a,130.0,Performing Well
894,56828.0,42003.65185546875,-26.086345013956585,a,190.0,Performing Well
895,73805.0,57908.09375,-21.539064087798927,a,4150.0,Performing Well
896,46572.0,40017.8271484375,-14.07320461127394,a,170.0,Performing Well
897,23273.0,18133.3818359375,-22.084038001385725,c,3290.0,Performing Well
898,45978.0,32387.541748046875,-29.558611187857508,a,18540.0,Monitor
899,34403.0,23787.299072265625,-30.85690471102629,d,2590.0,Performing Well
900,44739.0,35731.19384765625,-20.13412492980118,a,3920.0,Performing Well
901,44017.0,35113.1630859375,-20.228177554268807,a,3170.0,Performing Well
902,27058.0,21810.976318359375,-19.391764659770217,a,310.0,Performing Well
903,84678.0,70366.9521484375,-16.900550144739483,d,7290.0,Performing Well
904,42458.0,33395.63037109375,-21.344315862514133,d,570.0,Performing Well
905,41347.0,33171.4541015625,-19.773008678834014,a,90.0,Monitor
906,72668.0,58857.7158203125,-19.004629520129217,a,90.0,Performing Well
907,42982.0,35946.78076171875,-16.36782662110011,a,250.0,Performing Well
908,28722.0,20551.569091796875,-28.44659462503699,a,1980.0,Performing Well
909,86337.0,62267.1025390625,-27.879006058743645,a,1680.0,Needs Attention
910,41589.0,30111.29052734375,-27.597945304422446,d,12480.0,Performing Well
911,64244.0,50896.7255859375,-20.775908122256553,a,16490.0,Performing Well
912,39851.0,32761.21044921875,-17.790744399842538,c,3100.0,Performing Well
913,66558.0,47758.61376953125,-28.245118889493,a,280.0,Performing Well
914,59881.0,47558.06787109375,-20.57903530152511,c,2640.0,Monitor
915,49350.0,38054.7587890625,-22.888026769883485,d,650.0,Performing Well
916,34994.0,29134.62890625,-16.743930655969592,a,90.0,Monitor
917,42405.0,31564.31591796875,-25.564636439172855,a,7240.0,Performing Well
918,34433.0,26034.845703125,-24.389842002947752,a,18710.0,Performing Well
919,41743.0,28784.133056640625,-31.044407309870813,a,2620.0,Performing Well
920,45722.0,35289.78125,-22.816628209614628,a,850.0,Performing Well
921,49076.0,40362.27587890625,-17.755571197925157,a,840.0,Monitor
922,46708.0,37936.4326171875,-18.7795824758339,d,2110.0,Performing Well
923,32367.0,27808.9619140625,-14.082361930168071,a,280.0,Performing Well
924,28613.0,21182.72412109375,-25.968181871548772,a,6420.0,Performing Well
925,51506.0,41695.5625,-19.047174115637013,c,470.0,Performing Well
926,54015.0,38556.27001953125,-28.61932792829538,d,5150.0,Performing Well
927,40633.0,31806.48583984375,-21.722526419797333,a,480.0,Performing Well
928,59790.0,40701.986328125,-31.92509394861181,d,1090.0,Monitor
929,38980.0,30805.55712890625,-20.97086421522255,a,4820.0,Performing Well
930,44467.0,35904.4775390625,-19.2559031662525,a,70.0,Performing Well
931,37744.0,33588.046875,-11.01089742740568,a,1480.0,Monitor
932,54475.0,41097.61279296875,-24.55692924650069,a,15700.0,Performing Well
933,49987.0,37625.92822265625,-24.728572983663252,a,6270.0,Performing Well
934,42747.0,33821.70703125,-20.879343506561867,a,5460.0,Performing Well
935,40178.0,30444.4130859375,-24.22616086928792,a,22350.0,Performing Well
936,42810.0,34635.736328125,-19.094285615218407,a,580.0,Performing Well
937,50552.0,40660.57861328125,-19.566825025159737,d,2810.0,Performing Well
938,64880.0,53031.4853515625,-18.26219890326372,a,2820.0,Performing Well
939,39815.0,30454.25244140625,-23.51060544667525,d,1340.0,Performing Well
940,50738.0,39498.6123046875,-22.151814607025305,d,6470.0,Performing Well
941,39001.0,28131.181640625,-27.870614495461655,a,1200.0,Performing Well
942,46892.0,35865.1474609375,-23.51542382296021,d,6860.0,Performing Well
943,44798.0,38168.97607421875,-14.797589012414058,d,18020.0,Performing Well
944,54021.0,39455.18994140625,-26.96323662759621,c,1670.0,Performing Well
945,26968.0,22313.601318359375,-17.25896870973237,a,12480.0,Performing Well
946,28829.0,22134.740234375,-23.22057568984356,a,2220.0,Performing Well
947,55783.0,42900.96630859375,-23.093117421806376,a,460.0,Monitor
948,60624.0,56746.63671875,-6.395756270206519,b,1430.0,Monitor
949,36940.0,26005.0283203125,-29.601980724654847,a,870.0,Performing Well
950,45131.0,31885.904296875,-29.348110396678557,a,8460.0,Performing Well
951,50752.0,40479.44775390625,-20.24068459586568,d,710.0,Performing Well
952,41050.0,34587.45947265625,-15.743095072700974,d,6300.0,Performing Well
953,36195.0,26624.861083984375,-26.44049983703723,a,19830.0,Performing Well
954,42821.0,32968.77783203125,-23.007921739260524,a,390.0,Performing Well
955,34175.0,25791.836181640625,-24.530106271717266,d,1690.0,Performing Well
956,20344.0,14717.399169921875,-27.65729861422594,a,2330.0,Performing Well
957,54943.0,39922.60009765625,-27.338150269085688,d,1420.0,Performing Well
958,22690.0,18666.42822265625,-17.73279760839026,a,440.0,Performing Well
959,47519.0,36189.548828125,-23.841939375565563,a,1060.0,Performing Well
960,53667.0,39741.0849609375,-25.948748838322434,d,8990.0,Performing Well
961,42496.0,34168.7626953125,-19.595343808093705,d,9430.0,Performing Well
962,44956.0,32426.6484375,-27.870254387623454,c,260.0,Performing Well
963,80433.0,54102.77734375,-32.73559690208,a,23620.0,Performing Well
964,68414.0,49311.2001953125,-27.922354788036806,a,270.0,Performing Well
965,57368.0,44275.2412109375,-22.822407594935328,a,110.0,Performing Well
966,29545.0,23292.575927734375,-21.162376281149516,a,760.0,Monitor
967,50968.0,39491.7724609375,-22.51653496127472,a,3560.0,Performing Well
968,46715.0,36857.78564453125,-21.10074784430857,c,1190.0,Performing Well
969,28909.0,21646.32275390625,-25.122547463052165,a,600.0,Performing Well
970,15980.0,13007.057495117188,-18.604145837814848,a,910.0,Monitor
971,63245.0,45890.46484375,-27.440169430389755,c,1140.0,Monitor
972,24015.0,16774.42626953125,-30.150213326957108,a,14960.0,Performing Well
973,44837.0,34210.07958984375,-23.701229810549883,d,330.0,Performing Well
974,83104.0,67637.94921875,-18.610476970121777,a,150.0,Performing Well
975,48807.0,37292.6005859375,-23.591696711665335,a,9630.0,Performing Well
976,45047.0,33623.72900390625,-25.358561049778565,a,4180.0,Performing Well
977,34200.0,22966.520263671875,-32.84643197756762,a,520.0,Performing Well
978,48197.0,35985.42431640625,-25.336796239587006,c,3890.0,Performing Well
979,45043.0,33745.1337890625,-25.08240172931976,a,2270.0,Performing Well
980,43971.0,32464.07275390625,-26.169355361701463,a,4420.0,Performing Well
981,50290.0,36469.6005859375,-27.481406669442237,d,2620.0,Performing Well
982,58662.0,43602.220703125,-25.672120447436157,d,21930.0,Performing Well
983,57802.0,44180.71435546875,-23.565422726776323,a,40.0,Monitor
984,48176.0,32165.1826171875,-33.234011505339794,c,440.0,Performing Well
985,63986.0,47689.50439453125,-25.46884569354038,c,490.0,Performing Well
986,32493.0,24056.968017578125,-25.96261343188341,a,620.0,Performing Well
987,44229.0,33127.50048828125,-25.1000463761757,c,1690.0,Performing Well
988,30048.0,25736.9755859375,-14.347125978642506,a,30.0,Monitor
989,36952.0,27623.764892578125,-25.2441954628217,a,1640.0,Performing Well
990,44427.0,34110.87451171875,-23.220396354201835,d,20930.0,Performing Well
991,36744.0,29910.017578125,-18.5989070919742,a,1010.0,Monitor
992,31507.0,23723.166259765625,-24.705093281602103,a,2480.0,Performing Well
993,53750.0,39396.212890625,-26.704720203488375,d,3460.0,Performing Well
994,34979.0,23105.2978515625,-33.9452304195017,a,2290.0,Performing Well
995,62211.0,47700.60546875,-23.324483662455194,d,6560.0,Performing Well
996,51648.0,35584.65234375,-31.101587004821095,c,2870.0,Performing Well
997,37797.0,26282.138671875,-30.465013964401937,d,5840.0,Performing Well
998,31862.0,24833.11181640625,-22.060411096584488,a,780.0,Performing Well
999,64962.0,44463.10888671875,-31.55520321615906,d,15140.0,Performing Well
1000,49229.0,37924.2255859375,-22.963648284674683,a,2230.0,Performing Well
1001,40609.0,28500.382080078125,-29.817572262114002,c,19640.0,Performing Well
1002,42537.0,35783.0498046875,-15.877824471195664,d,1130.0,Performing Well
1003,49782.0,33075.8623046875,-33.55859084671668,a,170.0,Monitor
1004,42666.0,29475.0458984375,-30.91678175025196,d,970.0,Performing Well
1005,39677.0,32297.08935546875,-18.59997138022343,a,6480.0,Monitor
1006,50732.0,36727.72412109375,-27.604423005019026,c,3890.0,Performing Well
1007,54386.0,40192.78857421875,-26.097178365353674,c,4180.0,Performing Well
1008,39712.0,29985.4228515625,-24.492790966049306,a,30.0,Monitor
1009,33146.0,25382.98388671875,-23.420672519402792,a,230.0,Performing Well
1010,75479.0,54937.9345703125,-27.214278712870467,d,4610.0,Performing Well
1011,50753.0,36891.81005859375,-27.31107509192806,a,490.0,Performing Well
1012,40399.0,31946.1640625,-20.923379136859825,d,6330.0,Performing Well
1013,25473.0,17761.13525390625,-30.27466237229125,a,630.0,Performing Well
1014,71835.0,51802.19384765625,-27.88725015987158,a,210.0,Performing Well
1015,45746.0,35025.13916015625,-23.43562462257629,d,9910.0,Performing Well
1016,38568.0,27134.81640625,-29.644222136875133,c,550.0,Performing Well
1017,40653.0,32521.23388671875,-20.002868455664405,c,110.0,Performing Well
1018,74210.0,59233.046875,-20.181853018461123,c,140.0,Performing Well
1019,64962.0,47085.51513671875,-27.51837206871902,d,2740.0,Performing Well
1020,56139.0,47589.29052734375,-15.229536458889987,a,40.0,Performing Well
1021,57986.0,50989.17626953125,-12.066401770200997,a,1080.0,Performing Well
1022,47407.0,35804.80224609375,-24.473596207113403,a,1520.0,Performing Well
1023,39338.0,30181.5009765625,-23.276473189886367,c,3740.0,Performing Well
1024,43893.0,33315.8447265625,-24.09759021583738,c,1990.0,Performing Well
1025,47450.0,41168.73779296875,-13.237644271930979,a,720.0,Performing Well
1026,61811.0,45155.12158203125,-26.946463279948148,c,450.0,Performing Well
1027,104609.0,73255.689453125,-29.971905425799882,a,190.0,Performing Well
1028,36048.0,24618.89453125,-31.705241535591433,a,150.0,Performing Well
1029,31340.0,25164.3271484375,-19.70540156848277,a,1590.0,Monitor
1030,25583.0,18146.957275390625,-29.066343761909764,a,36410.0,Performing Well
1031,34323.0,24631.91162109375,-28.234968909787167,d,590.0,Performing Well
1032,62332.0,46164.82421875,-25.93720044479561,d,270.0,Performing Well
1033,91545.0,73130.677734375,-20.115049719400293,a,7680.0,Performing Well
1034,43643.0,30186.395751953125,-30.83336216127873,a,13750.0,Performing Well
1035,33359.0,22848.864013671875,-31.506148224851238,a,27150.0,Performing Well
1036,33565.0,26324.74462890625,-21.57084871471399,d,9560.0,Performing Well
1037,41925.0,33371.1533203125,-20.402735073792485,a,150.0,Performing Well
1038,39962.0,31174.5537109375,-21.989505753121716,d,17290.0,Performing Well
1039,52226.0,42440.4013671875,-18.73702491634914,a,70.0,Performing Well
1040,55986.0,43231.03564453125,-22.782417667753993,a,4030.0,Performing Well
1041,41854.0,34025.38671875,-18.704576100850577,c,1600.0,Performing Well
1042,27365.0,20013.462890625,-26.864743684907726,a,3440.0,Monitor
1043,56317.0,43553.64111328125,-22.663421145868476,c,420.0,Performing Well
1044,45684.0,31883.43408203125,-30.2087512432553,c,240.0,Performing Well
1045,75007.0,62238.37890625,-17.023239289332995,a,26990.0,Monitor
1046,64727.0,47512.05859375,-26.596229403880915,d,29070.0,Performing Well
1047,34198.0,24613.4228515625,-28.026718370774606,a,3750.0,Monitor
1048,55078.0,40044.46923828125,-27.29498304535159,d,1860.0,Performing Well
1049,28048.0,20110.773193359375,-28.29872649258637,a,370.0,Performing Well
1050,51143.0,38848.50048828125,-24.0394570356036,d,13170.0,Performing Well
1051,59713.0,43660.04248046875,-26.883522046340413,c,200.0,Performing Well
1052,48515.0,35827.11767578125,-26.152493711674225,a,5080.0,Performing Well
1053,56511.0,42414.59326171875,-24.944535998798905,a,1710.0,Performing Well
1054,42742.0,32241.56396484375,-24.567020811277548,a,13190.0,Performing Well
1055,50713.0,38853.04052734375,-23.386428475255357,c,1980.0,Performing Well
1056,35887.0,25931.7685546875,-27.740495012992174,d,5350.0,Performing Well
1057,40279.0,32591.583984375,-19.085419239864446,d,3230.0,Performing Well
1058,47376.0,34899.2275390625,-26.335639270806947,a,180.0,Performing Well
1059,60735.0,47049.857421875,-22.532547259611427,c,3380.0,Performing Well
1060,49107.0,36945.64599609375,-24.76501110616867,a,3430.0,Performing Well
1061,59111.0,47695.23046875,-19.312428365701813,d,8110.0,Performing Well
1062,45913.0,33620.390625,-26.773701075947987,d,190.0,Performing Well
1063,28775.0,22086.143310546875,-23.245375115388793,a,6250.0,Performing Well
1064,61784.0,50294.56396484375,-18.596134978564436,a,420.0,Performing Well
1065,30869.0,22884.690185546875,-25.865139183171227,a,1290.0,Performing Well
1066,58195.0,47625.48681640625,-18.162235902730046,a,3350.0,Performing Well
1067,41738.0,33552.7255859375,-19.611084417227705,d,12020.0,Performing Well
1068,34935.0,25021.4501953125,-28.377128394697294,d,5010.0,Performing Well
1069,44879.0,31273.10595703125,-30.316838706229525,a,18050.0,Monitor
1070,54688.0,40160.34033203125,-26.56462051632671,c,400.0,Performing Well
1071,37822.0,30846.0234375,-18.44422971418751,a,820.0,Performing Well
1072,47363.0,35777.3818359375,-24.461326698187406,a,5380.0,Monitor
1073,43553.0,43419.10595703125,-0.30742783038768856,a,1710.0,Monitor
1074,38535.0,27343.9794921875,-29.041184657616455,c,3330.0,Performing Well
1075,69827.0,61334.7587890625,-12.16183025325089,a,1410.0,Performing Well
1076,24054.0,18711.720947265625,-22.209524622658915,a,90.0,Monitor
1077,29166.0,21955.75732421875,-24.721397091754955,a,3750.0,Performing Well
1078,58779.0,40560.966796875,-30.994118993390497,d,670.0,Performing Well
1079,59493.0,45390.541015625,-23.70440049144437,a,16680.0,Performing Well
1080,74372.0,59004.46875,-20.66306035873716,a,2410.0,Performing Well
1081,47124.0,40659.90234375,-13.717209184810288,b,400.0,Monitor
1082,46330.0,33936.86083984375,-26.749706799387546,c,440.0,Performing Well
1083,39608.0,32187.603515625,-18.734590194847,d,11540.0,Performing Well
1084,42502.0,34643.57373046875,-18.48954465561915,a,190.0,Performing Well
1085,46779.0,36360.4912109375,-22.27176465735159,c,4030.0,Performing Well
1086,45257.0,30150.292724609375,-33.37982472411036,a,180.0,Performing Well
1087,45587.0,36177.49853515625,-20.640756059498873,d,2210.0,Performing Well
1088,32978.0,24356.722900390625,-26.1425104603353,a,4300.0,Performing Well
1089,67205.0,54226.1513671875,-19.31232591743546,d,5220.0,Performing Well
1090,43664.0,32182.373046875,-26.295408009172316,a,330.0,Performing Well
1091,57754.0,45555.16357421875,-21.12206327835518,a,9990.0,Performing Well
1092,93008.0,72648.845703125,-21.88968077678802,a,300.0,Performing Well
1093,57315.0,44683.943359375,-22.037959767294772,c,10450.0,Performing Well
1094,34744.0,27053.818115234375,-22.133841482747023,d,2380.0,Performing Well
1095,29958.0,23112.426025390625,-22.850570714364693,a,690.0,Performing Well
1096,40293.0,30901.25537109375,-23.30862588763867,a,1130.0,Performing Well
1097,74026.0,73249.4296875,-1.0490507558155242,b,720.0,Monitor
1098,32926.0,25066.60986328125,-23.869860100585406,a,1830.0,Monitor
1099,66538.0,57959.93359375,-12.891981132961616,a,200.0,Monitor
1100,34863.0,23284.6708984375,-33.210937387954274,a,540.0,Performing Well
1101,70277.0,53837.17578125,-23.392894145666435,d,4060.0,Performing Well
1102,47411.0,36435.4248046875,-23.149849603072074,a,850.0,Performing Well
1103,45806.0,32607.46044921875,-28.813997185480616,d,1340.0,Performing Well
1104,38081.0,30181.65576171875,-20.74353152039403,d,260.0,Performing Well
1105,37035.0,25982.09765625,-29.844477774402595,c,330.0,Performing Well
1106,33067.0,25624.310791015625,-22.507905794249176,a,5330.0,Performing Well
1107,52259.0,34481.1015625,-34.01882630264643,a,1400.0,Performing Well
1108,41103.0,27301.3251953125,-33.578266317999905,a,540.0,Performing Well
1109,35286.0,25516.874755859375,-27.685555869581773,c,3490.0,Performing Well
1110,30207.0,22741.04833984375,-24.71596537278197,c,900.0,Performing Well
1111,32605.0,23213.08349609375,-28.805141861390126,a,1900.0,Performing Well
1112,58639.0,43833.61328125,-25.248361532000885,c,1880.0,Performing Well
1113,40254.0,34052.02490234375,-15.407102642361629,a,9260.0,Performing Well
1114,151293.0,131334.337890625,-13.192059189370955,a,870.0,Performing Well
1115,50448.0,37935.0458984375,-24.803667343725223,d,5350.0,Performing Well
